,city_name,cloudiness,country,date,humidity,lat,lng,max_temp,wind_speed
0,Kodiak,1,US,1535201580,100,39.95,-94.76,71.06,3.38
1,Tiznit,0,MA,1535202702,85,29.7,-9.73,78.41,3.71
2,Walvis Bay,36,NA,1535202702,100,-22.95,14.51,56.81,13.78
3,Pangnirtung,12,CA,1535202635,90,66.15,-65.72,41.6,10.2
4,Puerto Ayora,75,EC,1535198400,77,-0.74,-90.35,69.8,18.34
5,Mar del Plata,0,AR,1535202703,70,-46.43,-67.52,46.91,16.24
6,Atuona,92,PF,1535202556,100,-9.8,-139.03,77.15,15.01
7,Muriti,75,TZ,1535198400,78,-1.99,32.93,71.6,11.41
8,Quelimane,20,MZ,1535198400,48,-17.88,36.89,84.2,9.17
9,Tyukalinsk,92,RU,1535202704,100,55.87,72.2,59.69,10.09
10,Busselton,12,AU,1535202704,100,-33.64,115.35,56.45,9.53
11,Punta Arenas,20,CL,1535198400,69,-53.16,-70.91,39.2,14.99
12,Hasaki,75,JP,1535200200,88,35.73,140.83,80.6,2.24
13,Yumen,0,CN,1535202704,37,40.29,97.04,74.81,13.0
14,Chuy,64,UY,1535202705,88,-33.69,-53.46,49.43,31.34
15,Hobart,0,AU,1535200200,70,-42.88,147.33,48.2,9.17
16,Cape Town,75,ZA,1535200200,82,-33.93,18.42,57.2,32.21
17,Carnarvon,0,ZA,1535202572,20,-30.97,22.13,66.35,20.49
18,Imeni Babushkina,0,RU,1535202705,73,59.76,43.13,72.65,7.18
19,Oussouye,40,SN,1535198400,74,12.49,-16.54,91.4,6.93
20,Hermanus,8,ZA,1535202554,56,-34.42,19.24,59.69,17.47
21,Provideniya,92,RU,1535202706,100,64.42,-173.23,46.19,6.17
22,Ushuaia,75,AR,1535198400,69,-54.81,-68.31,39.2,20.8
23,Saint-Paul,75,FR,1535202000,82,45.22,1.9,60.8,4.7
24,Viedma,0,AR,1535202707,79,-40.81,-62.99,33.5,6.73
25,Lac du Bonnet,8,CA,1535202707,95,50.25,-96.06,63.65,9.98
26,Kapaa,90,US,1535199000,96,22.08,-159.32,80.96,24.16
27,Crixas,20,BR,1535202675,57,-14.55,-49.97,79.67,4.5
28,Mataura,0,NZ,1535202707,87,-46.19,168.86,39.35,8.41
29,Phan Thiet,36,VN,1535202600,100,10.93,108.1,78.05,8.75
30,Ordzhonikidze,0,UA,1535202708,69,44.96,35.36,82.01,7.74
31,Mount Gambier,0,AU,1535202708,90,-37.83,140.78,41.6,3.15
32,Mount Isa,0,AU,1535200200,24,-20.73,139.49,66.2,9.17
33,Vaini,88,IN,1535202709,99,15.34,74.49,71.3,6.96
34,Ancud,92,CL,1535202709,99,-41.87,-73.83,49.97,5.73
35,Bluff,100,AU,1535202709,87,-23.58,149.07,62.03,8.75
36,Sobolevo,0,RU,1535202710,58,54.43,31.9,76.34,13.11
37,Esperance,20,TT,1535198400,83,10.24,-61.45,82.4,11.41
38,Port Alfred,0,ZA,1535202710,49,-33.59,26.89,77.33,11.1
39,Fort Wellington,0,GY,1535202710,94,6.4,-57.6,83.18,14.79
40,Saint Anthony,1,US,1535198160,73,43.97,-111.68,53.96,5.61
41,San Quintin,90,PH,1535198400,100,17.54,120.52,77.0,4.7
42,Puerto Maldonado,20,PE,1535198400,334,-12.59,-69.19,33.8,4.05
43,Brandon,1,US,1535201760,93,43.59,-96.57,62.96,3.36
44,Airai,100,TL,1535202712,91,-8.93,125.41,70.13,1.7
45,Acajutla,64,SV,1535202712,94,13.59,-89.83,70.49,3.04
46,Tiksi,0,RU,1535202712,96,71.64,128.87,42.32,8.52
47,Noumea,0,NC,1535200200,67,-22.28,166.46,62.6,8.97
48,Leningradskiy,92,RU,1535202713,100,69.38,178.42,36.83,11.43
49,Rikitea,64,PF,1535202562,100,-23.12,-134.97,71.39,13.78
50,Mainaguri,8,IN,1535202713,83,26.57,88.82,87.32,2.48
51,Lebu,100,ET,1535202713,89,8.96,38.73,59.33,3.38
52,Meulaboh,0,ID,1535202714,100,4.14,96.13,82.19,4.72
53,Bandarbeyla,0,SO,1535202714,82,9.49,50.81,79.31,36.15
54,Avarua,20,CK,1535198400,94,-21.21,-159.78,69.8,4.7
55,Namibe,0,AO,1535202714,100,-15.19,12.15,65.45,8.41
56,Deputatskiy,0,RU,1535202714,92,69.3,139.9,35.57,2.59
57,Deniliquin,0,AU,1535202715,89,-35.53,144.96,47.9,6.73
58,Lorengau,20,PG,1535202561,100,-2.02,147.27,79.49,2.59
59,Lagoa,0,PT,1535200200,39,37.14,-8.45,84.2,10.29
60,Luwuk,92,ID,1535202642,94,-0.95,122.79,78.32,3.71
61,Tasiilaq,75,GL,1535201400,75,65.61,-37.64,41.0,16.11
62,Talnakh,76,RU,1535202687,61,69.49,88.39,58.25,2.59
63,Haines Junction,24,CA,1535202716,98,60.75,-137.51,35.93,2.37
64,Bambous Virieux,75,MU,1535198400,78,-20.34,57.76,73.4,14.99
65,Maragogi,92,BR,1535202717,99,-9.01,-35.22,75.17,10.2
66,Chistogorskiy,36,RU,1535202717,77,53.98,87.38,72.74,2.37
67,Arraial do Cabo,40,BR,1535202000,73,-22.97,-42.02,77.0,23.04
68,Dwarka,75,IN,1535202000,79,28.58,77.04,87.8,3.36
69,Katsuura,20,JP,1535198400,62,33.93,134.5,84.2,8.05
70,Mantua,40,IT,1535199600,73,45.16,10.79,80.6,8.05
71,Namatanai,44,PG,1535202639,99,-3.66,152.44,82.37,4.16
72,Lata,76,IN,1535202718,100,30.78,78.62,61.13,1.03
73,Saryozek,24,KZ,1535202718,21,44.36,77.98,79.58,10.54
74,Kalmunai,48,LK,1535202569,85,7.42,81.82,82.28,5.17
75,Shimoda,44,JP,1535202719,90,34.7,138.93,80.75,21.72
76,Upernavik,44,GL,1535202719,99,72.79,-56.15,39.35,5.06
77,Albany,75,US,1535201640,67,42.65,-73.75,69.08,6.93
78,Dikson,76,RU,1535202720,89,73.51,80.55,51.68,8.19
79,Beloha,0,MG,1535202585,23,-25.17,45.06,86.78,6.51
80,East London,0,ZA,1535198400,34,-33.02,27.91,80.6,10.29
81,Norman Wells,75,CA,1535198400,87,65.28,-126.83,48.2,4.7
82,Port-Gentil,20,GA,1535198400,69,-0.72,8.78,82.4,12.75
83,Garh Maharaja,0,PK,1535202721,50,30.83,71.9,98.75,12.44
84,Thompson,90,CA,1535199840,93,55.74,-97.86,44.6,9.17
85,Katangli,8,RU,1535202721,94,51.71,143.23,54.65,5.06
86,New Norfolk,0,AU,1535200200,70,-42.78,147.06,48.2,9.17
87,Batemans Bay,8,AU,1535202430,100,-35.71,150.18,48.8,3.49
88,Jinji,20,CN,1535202722,94,22.16,112.49,77.6,3.04
89,Georgetown,20,GY,1535198400,88,6.8,-58.16,82.4,6.93
90,Orda,64,RU,1535202723,78,57.2,56.91,63.47,13.11
91,Butaritari,24,KI,1535202723,100,3.07,172.79,83.63,3.94
92,Swift Current,90,CA,1535200500,87,50.29,-107.8,48.2,11.41
93,Chokurdakh,80,RU,1535202592,82,70.62,147.9,42.05,8.75
94,Longyearbyen,75,NO,1535201400,60,78.22,15.63,42.8,20.8
95,Yakeshi,88,CN,1535202724,81,49.28,120.73,62.48,4.05
96,Necochea,0,AR,1535202724,86,-38.55,-58.74,40.7,10.54
97,Gamba,32,CN,1535202575,82,28.28,88.52,41.6,3.49
98,Saint-Philippe,1,CA,1535201700,74,45.36,-73.48,70.16,4.7
99,Uspenka,0,UA,1535202725,25,48.39,39.16,83.45,8.63
100,Atherton,12,GB,1535201400,48,53.52,-2.49,62.6,12.75
101,Tessalit,32,ML,1535202650,34,20.2,1.01,98.03,4.61
102,Tuktoyaktuk,0,CA,1535202726,92,69.44,-133.03,42.32,2.59
103,Kimberley,0,ZA,1535198400,18,-28.74,24.76,80.6,23.04
104,Klyuchi,20,RU,1535202727,61,52.25,79.17,68.51,13.0
105,Springfield,20,US,1535201520,84,37.22,-93.29,75.92,12.75
106,Kota Belud,75,MY,1535200200,66,6.35,116.43,84.2,4.7
107,La Rioja,0,AR,1535202728,66,-29.41,-66.86,38.9,2.71
108,Bangalore,40,IN,1535202000,57,12.98,77.6,82.4,13.87
109,Alofi,80,NU,1535198400,88,-19.06,-169.92,73.4,6.93
110,Virginia Beach,40,US,1535201940,76,36.85,-75.98,80.06,9.17
111,Mahebourg,75,MU,1535198400,78,-20.41,57.7,73.4,14.99
112,Alexandria,1,US,1535200500,94,31.31,-92.44,73.04,2.93
113,Kuching,75,MY,1535200200,83,1.56,110.34,80.6,5.5
114,Yellowknife,75,CA,1535198400,81,62.45,-114.38,46.4,5.82
115,Aklavik,75,CA,1535198400,80,68.22,-135.01,41.0,2.24
116,Campbell River,90,CA,1535202000,93,50.02,-125.24,55.4,4.7
117,Kungurtug,24,RU,1535202730,47,50.6,97.53,57.53,1.92
118,Sibolga,20,ID,1535202730,80,1.74,98.78,75.08,2.48
119,Tela,75,HN,1535202000,83,15.78,-87.45,78.8,4.7
120,Bull Savanna,0,JM,1535202730,81,17.89,-77.59,72.02,4.05
121,Moerai,68,PF,1535202731,95,-22.43,-151.33,75.44,12.55
122,Edson,90,CA,1535202000,100,53.59,-116.44,39.2,2.24
123,Guerrero Negro,32,MX,1535202657,98,27.97,-114.04,68.33,6.62
124,Hilo,90,US,1535197980,100,19.71,-155.08,71.96,3.36
125,Massaguet,20,TD,1535198400,66,12.48,15.44,87.8,6.93
126,Soria,20,ES,1535202732,47,41.76,-2.46,69.59,3.94
127,Khatanga,0,RU,1535202656,64,71.98,102.47,60.14,11.21
128,Clyde River,90,CA,1535198400,93,70.47,-68.59,37.4,25.28
129,Tuscaloosa,1,US,1535197980,76,33.21,-87.57,75.02,5.82
130,Seoul,20,KR,1535202000,73,37.57,126.98,75.2,4.7
131,Cockburn Town,48,TC,1535202733,95,21.46,-71.14,84.17,18.59
132,Castro,92,CL,1535202537,99,-42.48,-73.76,47.36,5.95
133,Solginskiy,0,RU,1535202733,62,61.05,41.34,74.0,13.67
134,Tuatapere,0,NZ,1535202734,96,-46.13,167.69,49.52,19.04
135,Bethel,92,US,1535202734,94,60.79,-161.76,48.71,4.16
136,Kaoma,0,ZM,1535202734,31,-14.8,24.8,84.71,12.44
137,Margate,0,AU,1535200200,70,-43.03,147.26,48.2,9.17
138,Kalach-na-Donu,0,RU,1535200200,19,48.69,43.52,80.6,8.95
139,Lompoc,90,US,1535200500,93,34.64,-120.46,62.96,4.94
140,Huron,20,US,1535201940,96,44.36,-98.21,59.0,3.36
141,Natal,75,BR,1535202000,69,-5.81,-35.21,82.4,16.11
142,Manavalakurichi,40,IN,1535202000,88,8.13,77.3,77.0,11.41
143,Taltal,0,CL,1535202604,90,-25.41,-70.49,45.2,2.04
144,Barrow,0,AR,1535202736,93,-38.31,-60.23,37.82,8.63
145,Sorong,76,ID,1535202736,100,-0.86,131.25,79.31,6.4
146,Sao Joao da Barra,0,BR,1535198400,57,-21.64,-41.05,78.8,9.17
147,Salalah,90,OM,1535197800,100,17.01,54.1,73.4,4.7
148,Naze,76,NG,1535202611,98,5.43,7.07,80.21,7.4
149,Bredasdorp,0,ZA,1535198400,35,-34.53,20.04,71.6,16.11
150,Boden,0,SE,1535201400,77,65.83,21.69,59.0,14.99
151,Magdagachi,48,RU,1535202738,87,53.45,125.8,68.33,2.93
152,Kununurra,0,AU,1535200200,59,-15.77,128.74,62.6,9.17
153,Zima,0,RU,1535202738,66,53.93,102.05,65.63,5.5
154,Ponta do Sol,88,BR,1535202739,89,-20.63,-46.0,65.99,4.72
155,Cabo San Lucas,20,MX,1535197860,74,22.89,-109.91,78.8,9.17
156,Hlobyne,0,UA,1535202739,59,49.39,33.25,82.1,7.4
157,Gazanjyk,0,TM,1535202739,20,39.24,55.52,91.73,8.19
158,Palafrugell,75,ES,1535202000,69,41.92,3.16,73.4,4.7
159,Saint Pete Beach,1,US,1535200500,94,27.73,-82.74,80.06,9.08
160,Santa Rosa,0,AR,1535202571,58,-36.62,-64.29,32.33,3.04
161,Ust-Nera,68,RU,1535202648,88,64.57,143.24,45.38,1.92
162,Ozinki,0,RU,1535202742,36,51.2,49.73,79.67,12.1
163,Torbay,75,CA,1535198400,77,47.66,-52.73,66.2,14.99
164,Zhangye,80,CN,1535202742,50,38.94,100.46,71.39,3.38
165,Jamestown,0,AU,1535202743,79,-33.21,138.6,41.42,3.6
166,Asyut,0,EG,1535198400,37,27.18,31.19,100.4,16.11
167,Mizan Teferi,64,ET,1535202743,82,6.99,35.58,70.58,2.71
168,Nokaneng,0,BW,1535202744,19,-19.66,22.19,92.27,12.55
169,Baldeogarh,80,IN,1535202744,93,24.81,78.97,78.32,12.66
170,Constitucion,0,MX,1535202744,78,23.99,-104.67,54.56,2.04
171,Gubskaya,24,RU,1535202744,44,44.32,40.63,85.25,3.6
172,Tomohon,20,ID,1535200200,94,1.33,124.84,75.2,2.24
173,Klaksvik,80,FO,1535201400,87,62.23,-6.59,46.4,6.93
174,Akdepe,0,TM,1535202000,24,42.05,59.39,80.6,11.41
175,Tarakan,80,ID,1535202745,99,3.3,117.63,81.02,3.38
176,Poopo,20,BO,1535198400,51,-18.38,-66.97,35.6,3.36
177,Otane,20,NZ,1535202746,93,-39.89,176.62,36.56,3.04
178,Ribeira Grande,40,PT,1535200200,69,38.52,-28.7,77.0,4.7
179,Langenburg,0,CA,1535202747,87,50.84,-101.7,48.98,11.99
180,Ranong,92,TH,1535202747,100,9.96,98.62,79.94,15.12
181,Nerchinskiy Zavod,64,RU,1535202747,86,51.31,119.61,63.65,2.37
182,Vardo,1,US,1535201700,87,39.62,-77.74,64.4,2.48
183,Lishui,100,CN,1535202748,98,28.45,119.91,71.3,2.04
184,Roald,40,NO,1535201400,81,62.58,6.12,57.2,11.41
185,Carballo,20,ES,1535202000,53,43.21,-8.69,71.6,9.17
186,Ilulissat,75,GL,1535201400,86,69.22,-51.1,41.0,9.17
187,Skibbereen,75,IE,1535202000,62,51.55,-9.27,57.2,5.82
188,Verkh-Chebula,8,RU,1535202749,55,56.03,87.61,72.11,5.61
189,Hamilton,20,BM,1535198100,74,32.3,-64.78,84.2,8.05
190,Myitkyina,88,MM,1535202749,98,25.38,97.4,75.98,2.59
191,Xam Nua,68,LA,1535202750,85,20.42,104.04,71.57,1.48
192,Souillac,75,FR,1535202000,60,45.6,-0.6,68.0,8.05
193,Camden,75,US,1535201760,73,39.94,-75.12,71.96,5.82
194,Kavieng,36,PG,1535202629,100,-2.57,150.8,83.45,4.16
195,Los Llanos de Aridane,0,ES,1535202000,65,28.66,-17.92,80.6,11.41
196,Dunedin,0,NZ,1535202751,79,-45.87,170.5,33.68,2.15
197,Port-Cartier,75,CA,1535198400,76,50.03,-66.88,57.2,4.7
198,Pisco,75,PE,1535198400,30,-13.71,-76.2,71.6,2.24
199,Peterhead,0,AU,1535200200,66,-34.83,138.5,48.2,1.12
200,Waipawa,12,NZ,1535202751,90,-39.94,176.59,36.92,5.73
201,Kaitangata,0,NZ,1535202541,68,-46.28,169.85,44.93,15.23
202,Half Moon Bay,90,US,1535200800,93,37.46,-122.43,60.98,5.82
203,Visby,20,SE,1535201400,63,57.64,18.3,62.6,14.99
204,Hrymayliv,0,UA,1535202752,55,49.33,26.01,84.71,6.17
205,Cookeville,90,US,1535201700,68,36.16,-85.5,71.6,5.82
206,Coquimbo,0,CL,1535198400,100,-29.95,-71.34,50.0,4.7
207,Quang Ngai,80,VN,1535202753,92,15.12,108.8,73.73,3.15
208,Mineiros,68,BR,1535202753,83,-17.57,-52.55,67.34,4.05
209,Shache,8,CN,1535202713,29,38.42,77.24,84.62,3.49
210,Padang,12,ID,1535202754,100,-0.92,100.36,81.83,8.97
211,Severo-Kurilsk,24,RU,1535202754,100,50.68,156.12,48.08,5.73
212,Qaanaaq,0,GL,1535202539,100,77.48,-69.36,34.22,6.06
213,Finschhafen,92,PG,1535202754,93,-6.6,147.85,71.48,1.36
214,Fort-Shevchenko,0,KZ,1535202755,60,44.51,50.26,78.95,6.4
215,Victor Harbor,0,AU,1535200200,66,-35.55,138.62,48.2,1.12
216,Tilichiki,20,RU,1535202755,77,60.47,166.1,47.9,2.93
217,Gavrilov-Yam,0,RU,1535202755,57,57.3,39.85,75.53,8.08
218,Chapleau,75,CA,1535198400,100,47.85,-83.4,59.0,4.7
219,Deder,32,ET,1535202756,55,9.31,41.44,82.82,3.94
220,Wenling,88,CN,1535202756,100,28.38,121.38,78.77,8.52
221,Inhambane,20,MZ,1535198400,61,-23.87,35.38,78.8,6.93
222,Yurty,0,RU,1535202757,68,56.05,97.64,69.77,2.93
223,Port Hardy,90,CA,1535200560,100,50.7,-127.42,53.6,2.24
224,Umea,20,SE,1535201400,67,63.83,20.26,60.8,19.46
225,Pointe Michel,20,DM,1535198400,70,15.25,-61.38,84.2,2.24
226,Santa Cruz,90,US,1535200500,87,36.97,-122.03,60.98,2.04
227,Tucuman,0,PE,1535202758,70,-17.17,-70.89,45.38,1.92
228,Pacific Grove,90,US,1535200500,87,36.62,-121.92,57.92,3.15
229,Labuhan,48,ID,1535202758,88,-2.54,115.51,76.61,2.71
230,Farafangana,0,MG,1535202758,88,-22.82,47.83,76.34,10.2
231,Vestmannaeyjar,20,IS,1535200260,81,63.44,-20.27,51.8,4.7
232,Chaihe,92,CN,1535202759,99,44.77,129.68,61.13,3.04
233,Kodinsk,76,RU,1535202759,87,58.6,99.18,60.95,1.03
234,San Patricio,0,PY,1535202759,78,-26.98,-56.83,48.53,3.71
235,Kieta,12,PG,1535202760,96,-6.22,155.63,77.6,2.48
236,Boa Vista,40,BR,1535202000,66,2.82,-60.67,86.0,12.75
237,Guajara,20,BR,1535198400,83,-0.88,-48.16,80.6,12.75
238,Chimbarongo,75,CL,1535198400,100,-34.71,-71.04,37.4,9.17
239,Narsaq,75,GL,1535201400,87,60.91,-46.05,44.6,9.17
240,Gwanda,0,ZW,1535202762,24,-20.94,29.0,85.61,9.53
241,Hithadhoo,100,MV,1535202762,100,-0.6,73.08,83.09,4.5
242,Choix,0,MX,1535202762,82,26.71,-108.33,69.23,2.37
243,Drayton Valley,24,CA,1535202762,88,53.22,-114.98,40.88,2.93
244,Ayan,68,TR,1535202573,24,40.67,33.6,86.51,3.38
245,Sokolo,8,ML,1535202763,73,14.74,-6.12,94.79,9.08
246,Kruisfontein,20,ZA,1535202558,76,-34.0,24.73,65.18,13.11
247,Bambui,64,CM,1535202763,100,6.01,10.23,67.52,2.04
248,Kasongo-Lunda,36,CD,1535202763,68,-6.48,16.82,82.55,2.93
249,Tautira,75,PF,1535200200,73,-17.73,-149.15,75.2,8.05
250,Chernyshkovskiy,0,RU,1535202764,22,48.42,42.23,83.18,6.62
251,Ovar,0,PT,1535200200,53,40.86,-8.63,75.2,11.41
252,Biak,92,ID,1535202764,94,-0.91,122.88,78.32,3.71
253,Cidreira,8,BR,1535202765,87,-30.17,-50.22,50.24,26.87
254,Uzhhorod,20,UA,1535201700,65,48.62,22.3,77.0,6.71
255,Arlit,20,NE,1535202694,47,18.74,7.39,95.78,11.65
256,Mamallapuram,40,IN,1535202000,66,12.63,80.17,89.6,6.93
257,Angoche,0,MZ,1535202765,96,-16.23,39.91,79.4,11.54
258,Iqaluit,90,CA,1535198400,86,63.75,-68.52,41.0,11.1
259,Berwick,1,US,1535201640,70,41.06,-76.25,66.92,5.82
260,Henties Bay,0,NA,1535202766,89,-22.12,14.28,58.97,11.77
261,Davila,90,PH,1535198400,100,18.47,120.58,77.0,4.7
262,Ostend,0,DE,1535201760,34,50.11,8.7,66.2,14.99
263,Saskylakh,0,RU,1535202767,79,71.97,114.09,52.4,6.96
264,Pampa,1,US,1535201700,58,35.54,-100.96,78.08,14.99
265,Port Hueneme,90,US,1535199960,81,34.15,-119.2,66.92,3.36
266,Alta Gracia,0,AR,1535198400,33,-31.66,-64.43,46.4,3.36
267,Brae,40,GB,1535201400,76,60.4,-1.35,53.6,16.11
268,Jawa,48,NG,1535202769,80,12.81,11.04,84.8,9.42
269,Mugur-Aksy,92,RU,1535202769,24,50.38,90.44,60.77,2.93
270,Port Macquarie,75,AU,1535198400,82,-31.43,152.91,55.4,6.93
271,La Romana,20,DO,1535198400,94,18.43,-68.97,80.6,6.93
272,Neiafu,90,TO,1535198400,94,-18.65,-173.98,71.6,5.82
273,Buluang,90,PH,1535202000,74,10.47,123.98,82.4,9.17
274,Christchurch,0,NZ,1535200200,99,-43.53,172.64,35.6,5.82
275,Kholtoson,48,RU,1535202770,87,50.3,103.31,55.28,2.15
276,Vila Franca do Campo,40,PT,1535200200,61,37.72,-25.43,77.0,9.17
277,Jumla,88,NP,1535202771,100,29.28,82.18,43.04,2.15
278,Nishihara,1,JP,1535202000,65,35.74,139.53,85.64,5.82
279,Ingham,8,AU,1535202771,97,-18.65,146.16,70.31,4.5
280,Guanay,92,BO,1535202772,93,-15.5,-67.88,60.68,2.04
281,Ternate,90,PH,1535202000,100,14.29,120.72,82.4,6.93
282,Port Moresby,76,PG,1535202772,95,-9.47,147.16,77.87,18.81
283,Lukang,75,TW,1535200200,94,24.06,120.44,77.0,3.36
284,Tahe,80,CN,1535202772,88,52.34,124.71,65.0,2.37
285,Ritchie,0,ZA,1535198400,18,-29.03,24.6,80.6,23.04
286,Hambantota,32,LK,1535202773,87,6.12,81.12,84.08,19.04
287,Sidney,1,US,1535201700,79,47.72,-104.16,53.06,6.93
288,Igrim,20,RU,1535202773,70,63.19,64.42,66.35,7.18
289,Nikolskoye,40,RU,1535200200,68,59.7,30.79,71.6,8.95
290,Manggar,8,ID,1535202774,79,-2.88,108.27,82.1,7.07
291,Samarai,92,PG,1535202774,100,-10.62,150.67,74.81,12.44
292,Faanui,92,PF,1535202774,99,-16.48,-151.75,80.03,10.98
293,Geraldton,90,CA,1535198400,93,49.72,-86.95,60.8,3.36
294,Secunda,48,ZA,1535202775,27,-26.52,29.2,73.46,16.24
295,Port Blair,80,IN,1535202491,100,11.67,92.75,80.66,25.64
296,Wisconsin Rapids,90,US,1535202240,93,44.39,-89.82,67.46,5.06
297,Luau,44,CD,1535202775,37,-10.7,22.23,87.32,3.38
298,Damietta,0,EG,1535198400,66,31.42,31.81,86.0,12.75
299,Teya,5,MX,1535197620,94,21.05,-89.07,71.6,2.37
300,Karanganyar,36,ID,1535202776,52,-7.6,110.95,78.77,3.38
301,Vuktyl,0,RU,1535202670,63,63.86,57.31,62.75,5.39
302,Broken Hill,0,AU,1535202777,68,-31.97,141.45,48.08,7.74
303,Esmeralda,0,CL,1535202777,71,-34.33,-70.9,30.98,1.7
304,Teknaf,92,BD,1535202777,95,20.86,92.31,78.77,4.94
305,Pontes e Lacerda,68,BR,1535202777,85,-15.23,-59.33,67.97,12.21
306,Umtata,40,ZA,1535198400,34,-31.59,28.78,78.8,12.75
307,Bichura,88,RU,1535202778,90,50.59,107.6,56.27,2.15
308,Yerofey Pavlovich,32,RU,1535202778,82,53.97,121.97,65.0,2.71
309,Hervey Bay,68,AU,1535202778,89,-25.3,152.85,66.53,11.54
310,Mbandaka,36,CD,1535202779,78,0.05,18.26,82.01,2.48
311,Deep River,20,CA,1535198400,88,46.1,-77.49,64.4,5.82
312,Mugumu,48,TZ,1535202580,80,-1.84,34.67,70.4,1.92
313,Mikhaylovsk,92,RU,1535202779,79,56.44,59.12,59.33,7.07
314,Bonavista,0,CA,1535202780,81,48.65,-53.11,65.81,11.43
315,La Ronge,90,CA,1535199240,100,55.1,-105.3,42.8,6.93
316,Wanaka,0,NZ,1535202780,75,-44.7,169.14,24.05,2.04
317,North Bend,1,US,1535201760,96,43.41,-124.22,48.92,4.16
318,Muzhi,88,RU,1535202781,70,65.4,64.7,60.95,15.46
319,Te Anau,8,NZ,1535202781,85,-45.41,167.72,34.31,5.5
320,Kahului,75,US,1535201100,93,20.89,-156.47,77.0,4.7
321,Ust-Kuyga,0,RU,1535202781,94,70.0,135.55,37.28,3.71
322,Alakurtti,92,RU,1535202782,98,66.96,30.34,60.41,9.64
323,Ambilobe,20,MG,1535202782,35,-13.19,49.05,87.68,17.02
324,Bijawar,80,IN,1535202782,93,24.62,79.49,78.32,12.66
325,Carutapera,12,BR,1535202782,77,-1.2,-46.02,83.81,11.54
326,Port Lincoln,0,AU,1535202783,100,-34.72,135.86,50.42,3.6
327,Jiwani,0,PK,1535202783,66,25.05,61.74,87.5,13.11
328,Yulara,0,AU,1535198400,37,-25.24,130.99,50.0,3.36
329,Ariquemes,48,BR,1535202666,89,-9.91,-63.03,72.92,3.15
330,Augusto Correa,12,BR,1535202783,77,-1.02,-46.63,83.81,7.96
331,Hargeysa,40,SO,1535198400,54,9.56,44.06,80.6,23.04
332,Beringovskiy,20,RU,1535202784,100,63.05,179.32,47.27,6.06
333,San Jose,92,PH,1535202785,99,15.79,120.99,71.93,1.92
334,Puerto Escondido,75,MX,1535197200,69,15.86,-97.07,73.4,9.17
335,Kaeo,8,NZ,1535202786,95,-35.1,173.78,48.53,7.96
336,Sao Filipe,0,CV,1535202541,92,14.9,-24.5,80.03,8.52
337,Matara,0,PE,1535198400,52,-13.74,-72.9,41.0,2.04
338,Newport,20,GB,1535201400,59,51.59,-3.0,64.4,12.75
339,Santa catarina de Tepehuanes,0,MX,1535202786,88,25.34,-105.72,47.27,2.04
340,Sampit,44,ID,1535202787,75,-2.54,112.95,80.57,7.07
341,Codrington,36,AU,1535202787,91,-28.95,153.24,50.51,2.04
342,Lasa,40,CY,1535202000,70,34.92,32.53,86.0,19.46
343,Hokitika,92,NZ,1535202787,100,-42.72,170.96,49.43,3.15
344,Fare,80,PF,1535202788,97,-16.7,-151.02,79.67,8.19
345,Scortoasa,20,RO,1535202788,58,45.37,26.67,73.91,2.59
346,Wakkanai,100,JP,1535202788,100,45.41,141.67,60.5,28.1
347,Kolvereid,92,NO,1535202788,96,64.86,11.6,53.57,10.98
348,High Level,90,CA,1535198400,87,58.52,-117.13,42.8,10.29
349,Saldanha,0,PT,1535202789,42,41.42,-6.55,78.05,4.05
350,Sovetskiy,8,RU,1535202789,73,56.76,48.47,67.43,6.73
351,Kirkwall,40,GB,1535201400,76,58.98,-2.96,55.4,18.34
352,La Presa,44,MX,1535202790,98,22.34,-105.39,81.92,1.92
353,Erenhot,92,CN,1535202790,52,43.65,111.97,75.62,2.15
354,Tranas,56,SE,1535201400,59,58.04,14.98,62.6,11.41
355,Kirensk,36,RU,1535202791,89,57.78,108.12,57.17,2.04
356,San Carlos del Zulia,20,VE,1535202791,82,9.0,-71.91,80.75,3.04
357,Bundaberg,100,AU,1535202669,100,-24.87,152.35,65.09,17.13
358,Rocha,12,UY,1535202662,83,-34.48,-54.34,46.37,21.83
359,Cabinda,20,AO,1535198400,69,-5.56,12.19,80.6,6.93
360,Saint-Francois,75,FR,1535202000,55,46.42,3.91,64.4,13.87
361,Central Point,1,US,1535201760,71,42.38,-122.91,51.08,3.36
362,San Juan,90,PH,1535202000,100,14.6,121.03,82.4,6.93
363,The Valley,40,AI,1535198400,74,18.22,-63.06,82.4,9.17
364,La Crosse,75,US,1535201700,90,43.8,-91.24,69.98,4.7
365,Cherskiy,76,RU,1535202793,99,68.75,161.3,36.2,7.63
366,Lazaro Cardenas,24,MX,1535202794,79,28.39,-105.62,66.26,4.61
367,Coahuayana,92,MX,1535202794,84,18.62,-100.35,65.27,2.59
368,Ambanja,20,MG,1535198400,42,-13.68,48.45,86.0,9.17
369,Znamenskoye,92,RU,1535202794,92,57.13,73.82,63.74,12.44
370,Marsh Harbour,56,BS,1535202795,100,26.54,-77.06,83.18,12.21
371,Whittlesea,20,AU,1535200200,87,-37.51,145.12,44.6,6.93
372,Husavik,24,CA,1535202655,97,50.56,-96.99,63.65,10.98
373,Alpena,90,US,1535200980,96,45.06,-83.43,68.0,3.36
374,Vila Velha,75,BR,1535202000,62,-3.71,-38.6,84.2,17.22
375,Saint George,20,GR,1535197800,51,39.45,22.34,86.0,12.75
376,Jalu,0,LY,1535202796,34,29.03,21.55,98.39,6.06
377,Dicabisagan,92,PH,1535202797,100,17.08,122.42,74.72,5.39
378,Tambacounda,75,SN,1535198400,70,13.77,-13.67,89.6,6.93
379,Belyy Yar,0,RU,1535200200,60,53.6,91.39,73.4,2.24
380,Udachnyy,24,RU,1535202797,77,66.42,112.4,52.31,3.38
381,Leshukonskoye,0,RU,1535202688,59,64.9,45.76,65.72,7.52
382,Aketi,20,CD,1535202798,61,2.74,23.78,87.05,3.04
383,Dingle,92,PH,1535202645,80,11.0,122.67,80.21,6.51
384,Waingapu,44,ID,1535202798,80,-9.65,120.26,73.64,5.61
385,Kadiri,76,IN,1535202798,64,14.11,78.16,81.65,11.65
386,Luanda,20,AO,1535198400,65,-8.83,13.24,78.8,6.93
387,Karratha,0,AU,1535202799,32,-20.74,116.85,61.85,3.71
388,Kokopo,24,PG,1535202799,100,-4.34,152.27,77.78,2.04
389,Beatrice,1,US,1535201640,97,40.27,-96.75,64.22,5.06
390,Gazojak,0,TM,1535202799,34,41.19,61.4,78.23,11.65
391,Phonhong,75,LA,1535202000,94,18.5,102.42,80.6,2.24
392,Saint-Joseph,24,FR,1535202000,37,43.56,6.97,86.0,5.82
393,Puerto Baquerizo Moreno,92,EC,1535202801,100,-0.9,-89.6,69.68,12.1
394,Hami,68,CN,1535202801,29,42.84,93.51,86.15,2.59
395,El Tigre,92,VE,1535202801,96,8.89,-64.25,74.99,11.54
396,Comodoro Rivadavia,0,AR,1535198400,46,-45.87,-67.48,50.0,20.8
397,Popondetta,92,PG,1535202802,96,-8.77,148.24,69.5,1.14
398,Chernyshevskiy,92,RU,1535202802,77,63.01,112.47,55.37,4.05
399,Caravelas,80,BR,1535202802,100,-17.73,-39.27,75.8,12.66
400,Kirakira,92,SB,1535202802,100,-10.46,161.92,80.93,12.21
401,Palora,8,EC,1535202803,97,-1.7,-77.97,55.28,0.92
402,Emerald,68,AU,1535202803,79,-23.53,148.16,63.92,11.99
403,Anadyr,75,RU,1535198400,87,64.73,177.51,50.0,6.71
404,Andra,32,RU,1535202803,61,62.52,65.89,67.88,8.63
405,Cap-aux-Meules,5,CA,1535198400,83,47.38,-61.86,69.8,12.75
406,Randfontein,0,ZA,1535198400,40,-26.17,27.69,75.2,14.99
407,Lavrentiya,24,RU,1535202804,99,65.58,-170.99,45.2,6.17
408,Warri,76,NG,1535202804,95,5.52,5.75,81.47,9.42
409,Durban,75,FR,1535202000,60,43.54,0.58,68.0,8.05
410,Banjar,8,ID,1535202805,61,-7.37,108.54,76.61,4.16
411,Olinda,75,EC,1535198400,83,-2.03,-79.75,69.8,4.7
412,Warrensburg,1,US,1535201700,83,38.76,-93.74,78.98,8.05
413,Manitowoc,90,US,1535202360,94,44.09,-87.66,68.0,6.93
414,Qaqortoq,75,GL,1535201400,87,60.72,-46.03,44.6,9.17
415,Juruti,0,BR,1535202806,69,-2.16,-56.09,82.55,4.5
416,Westport,75,IE,1535202000,58,53.8,-9.52,57.2,8.05
417,Kudahuvadhoo,36,MV,1535202807,100,2.67,72.89,82.64,7.4
418,Avera,1,US,1535200500,84,33.19,-82.53,71.6,4.38
419,Kavaratti,12,IN,1535202552,96,10.57,72.64,83.09,13.22
420,Ilorin,76,NG,1535202807,96,8.5,4.55,74.45,11.99
421,Mackay,90,CA,1535202000,100,53.65,-115.58,39.2,2.24
422,Paamiut,8,GL,1535202625,100,61.99,-49.67,42.23,1.59
423,Tura,44,IN,1535202808,85,25.52,90.21,85.07,2.15
424,Turbat,0,PK,1535202808,31,26.0,63.05,99.92,11.65
425,Fukuma,20,JP,1535202000,74,33.77,130.47,84.2,4.7
426,North Platte,1,US,1535201580,93,41.12,-100.77,53.96,3.36
427,Ekhabi,0,RU,1535202809,69,53.51,142.97,62.21,7.63
428,Sao Miguel do Araguaia,0,BR,1535202809,80,-13.28,-50.16,79.58,4.72
429,Mokrousovo,92,RU,1535202810,88,55.81,66.77,61.67,8.08
430,Wajir,0,KE,1535202810,43,1.75,40.07,92.09,13.44
431,Nador,0,MA,1535202000,38,35.17,-2.93,96.8,5.82
432,Iwanai,92,JP,1535202810,96,42.97,140.51,69.5,16.24
433,Ratnagiri,92,IN,1535202765,100,16.98,73.3,76.07,11.1
434,Sept-Iles,75,CA,1535198400,76,50.2,-66.38,57.2,4.7
435,Terney,92,RU,1535202811,100,45.05,136.61,59.51,23.17
436,Basmat,88,IN,1535202812,88,19.33,77.16,78.05,9.98
437,Mildura,0,AU,1535202812,79,-34.18,142.16,46.37,5.73
438,Puri,8,ID,1535202812,52,-7.54,112.45,77.6,6.06
439,Neyshabur,36,IR,1535202813,25,36.21,58.79,83.63,4.5
440,Solnechnyy,24,RU,1535202813,85,50.72,136.64,62.39,3.6
441,Goderich,92,CA,1535202813,89,43.74,-81.71,67.07,12.77
442,Moshenskoye,0,RU,1535202813,50,58.52,34.59,77.06,11.54
443,Port Elizabeth,20,US,1535201700,81,39.31,-74.98,75.02,3.36
444,Grandview,1,US,1535201700,88,38.89,-94.53,77.0,10.29
445,Hay River,40,CA,1535198400,93,60.82,-115.79,37.4,6.93
446,Osa,0,RU,1535202814,69,57.28,55.46,64.55,8.52
447,Northam,20,GB,1535201400,52,51.04,-4.21,64.4,11.41
448,San Isidro,92,PH,1535202816,98,16.74,121.63,73.55,2.71
449,Zhigansk,0,RU,1535202816,66,66.77,123.37,55.01,5.73
450,Siyabuswa,0,ZA,1535202816,36,-25.11,29.06,79.49,10.65
451,Vao,88,EE,1535202633,71,59.1,26.19,67.43,4.61
452,Mizdah,12,LY,1535202817,41,31.45,12.98,89.39,7.4
453,Seymchan,76,RU,1535202817,73,62.93,152.39,47.63,10.42
454,Sao Francisco,0,BR,1535198400,93,-25.65,-53.85,53.6,8.05
455,Camopi,36,GF,1535202818,73,3.17,-52.33,81.47,2.93
456,Ortigueira,20,ES,1535202000,53,43.68,-7.85,71.6,9.17
457,Nargana,92,PA,1535202818,100,9.44,-78.59,76.61,2.37
458,Isabela,68,PH,1535202819,87,10.2,122.99,77.87,3.04
459,Oktyabrskoye,24,RU,1535202819,65,56.73,85.44,69.95,3.04
460,Saurimo,40,AO,1535198400,42,-9.66,20.4,86.0,3.71
461,La Venta del Astillero,40,MX,1535197320,93,20.73,-103.55,59.0,1.92
462,Qinzhou,48,CN,1535202820,84,21.96,108.62,83.27,2.59
463,Agua Prieta,90,MX,1535202180,100,31.32,-109.55,60.08,5.82
464,Nemuro,92,JP,1535202649,100,43.32,145.57,58.25,15.79
465,Touros,44,BR,1535202821,79,-5.2,-35.46,80.66,15.23
466,Huarmey,32,PE,1535202821,87,-10.07,-78.15,52.67,1.14
467,Flinders,36,AU,1535198400,100,-34.58,150.85,51.8,5.82
468,Tocopilla,68,CL,1535202821,100,-22.09,-70.2,53.3,4.05
469,Miastko,68,PL,1535202822,64,54.0,16.98,67.25,5.17
470,Wanlaweyn,0,SO,1535202822,46,2.62,44.89,89.39,14.12
471,Huai Thalaeng,100,TH,1535202000,100,15.0,102.65,80.6,8.05
472,Jinhua,64,CN,1535202623,85,29.11,119.65,79.31,6.17
473,Dongsheng,0,CN,1535202823,55,29.72,112.52,83.9,8.63
474,Buta,80,CD,1535202633,75,2.79,24.73,81.83,2.71
475,Baykit,64,RU,1535202823,90,61.68,96.39,54.11,3.38
476,Sembakung,44,ID,1535202823,87,3.82,117.25,79.67,2.71
477,Rio Grande,75,BR,1535198400,76,-32.03,-52.1,50.0,17.22
478,Santa Isabel do Rio Negro,0,BR,1535202824,89,-0.41,-65.02,76.79,5.06
479,Micheweni,92,TZ,1535202824,100,-4.97,39.83,76.7,16.46
480,Sorland,75,NO,1535197800,93,67.67,12.69,53.6,5.82
481,Wawa,92,NG,1535202824,97,9.9,4.41,75.8,10.98
482,Green River,1,US,1535201640,55,41.53,-109.47,57.92,18.34
483,Kropachevo,100,RU,1535202825,86,55.01,57.99,57.53,9.19
484,Ishigaki,88,JP,1535202777,100,24.34,124.16,81.83,20.71
485,Tual,32,ID,1535202825,98,-5.67,132.75,80.03,10.76
486,Ureki,0,GE,1535202000,74,42.0,41.78,87.8,5.82
487,Grand Gaube,75,MU,1535198400,78,-20.01,57.66,73.4,14.99
488,Hannibal,40,US,1535200500,91,39.71,-91.36,75.2,6.93
489,Karpogory,0,RU,1535202826,67,64.0,44.44,65.18,7.07
490,Soke,20,ML,1535202827,86,13.6,-5.94,88.58,7.96
491,Punta Alta,0,AR,1535200200,71,-27.46,-55.82,51.8,5.82
492,Veraval,20,FR,1535202000,55,49.65,0.71,64.4,11.41
493,Keti Bandar,76,PK,1535202827,96,24.14,67.45,81.02,17.25
494,Ayagoz,0,KZ,1535202828,24,47.96,80.43,77.15,20.27
495,Bauchi,88,NG,1535202828,90,10.31,9.85,77.87,6.62
496,Estevan,90,CA,1535201700,93,49.14,-102.99,50.0,6.93
497,Billings,40,US,1535201580,79,45.79,-108.5,51.08,3.38
498,Great Yarmouth,40,GB,1535201400,59,52.61,1.73,60.8,12.75
499,Muros,20,ES,1535202000,56,42.77,-9.06,71.6,10.29
500,Culpeper,1,US,1535201760,81,38.47,-78.0,71.06,2.15
501,Young,0,UY,1535202830,87,-32.7,-57.63,42.59,12.66
502,Nushki,0,PK,1535202830,18,29.55,66.02,89.3,5.17
503,Porto Murtinho,0,BR,1535202830,64,-21.7,-57.88,55.37,17.02
504,Freeport,75,BS,1535198400,83,26.54,-78.7,80.6,4.7
505,Vanimo,56,PG,1535202831,100,-2.67,141.3,77.87,1.59
506,Awjilah,0,LY,1535202831,33,29.14,21.3,98.3,4.94
507,Aksu,40,KZ,1535200200,55,52.04,76.93,64.4,11.18
508,Quatre Cocos,75,MU,1535198400,78,-20.21,57.76,73.4,14.99
509,Linares,0,CL,1535202832,67,-35.85,-71.6,27.11,2.04
510,Sulangan,76,PH,1535202832,96,11.14,123.72,85.43,13.0
511,San Vicente,0,SV,1535201400,94,13.64,-88.78,75.2,5.82
512,Vostok,76,RU,1535202834,78,46.45,135.83,56.09,2.37
513,Paicandu,0,BR,1535202834,91,-23.46,-52.05,60.14,11.43
514,Shingu,32,JP,1535202834,94,33.72,135.99,81.2,12.44
515,Berlevag,0,NO,1535197800,77,70.86,29.09,62.6,13.87
516,Pevek,80,RU,1535202557,100,69.7,170.27,35.21,11.1
517,Alice Springs,0,AU,1535200200,43,-23.7,133.88,51.8,5.95
518,Hofn,75,IS,1535202000,87,64.25,-15.21,46.4,9.17
519,Santa Cruz del Sur,0,CU,1535202835,92,20.71,-78.0,75.26,12.55
520,Rognan,75,NO,1535201400,100,67.1,15.4,51.8,23.04
521,Covington,1,US,1535201700,78,35.56,-89.65,77.0,6.93
522,Laiyang,8,CN,1535202836,75,36.98,120.7,75.89,7.4
523,Lodwar,64,KE,1535202678,58,3.12,35.6,82.1,4.16
524,Ngawi,8,ID,1535202836,42,-7.4,111.45,84.35,9.75
525,Plaridel,92,PH,1535202836,97,13.96,122.02,83.63,8.41
526,Mokobeng,0,BW,1535202837,37,-23.0,27.67,81.2,11.43
527,Boueni,20,YT,1535200200,58,-12.9,45.08,82.4,9.17
528,Havoysund,75,NO,1535201400,76,71.0,24.66,55.4,5.82
529,Victoria,75,BN,1535200200,79,5.28,115.24,84.2,1.12
530,Trinidad,8,UY,1535202838,93,-33.52,-56.9,41.51,15.23
531,Chicama,90,PE,1535198400,93,-7.84,-79.15,60.8,5.82
532,Gdov,92,RU,1535202838,100,58.74,27.82,63.38,5.95
533,Kiama,36,AU,1535198400,100,-34.67,150.86,51.8,5.82
534,Yerbogachen,92,RU,1535202839,82,61.28,108.01,54.92,2.37
535,Oranjemund,36,ZA,1535202839,95,-28.55,16.43,57.08,18.48
536,Sydney,75,AU,1535200200,76,-33.85,151.22,57.2,5.82
537,Nata,40,CY,1535202000,70,34.78,32.57,86.0,19.46
538,Nanortalik,92,GL,1535202548,100,60.14,-45.24,42.05,11.54
539,Imbituba,20,BR,1535198400,55,-28.24,-48.67,64.4,13.87
540,Whitehorse,75,CA,1535198400,76,60.72,-135.06,50.0,10.29
541,Hemet,1,US,1535200800,78,33.75,-116.97,80.96,3.36
542,Lakes Entrance,0,AU,1535202841,100,-37.88,147.99,46.55,1.14
543,Lensk,92,RU,1535202841,97,60.71,114.91,52.4,5.95
544,Rawson,20,AR,1535202841,63,-43.3,-65.11,30.17,3.6
545,Richards Bay,0,ZA,1535202842,67,-28.77,32.06,77.87,12.55
546,Faya,40,SA,1535198400,51,18.39,42.45,84.2,9.17
547,Aquidauana,12,BR,1535202842,62,-20.47,-55.78,64.91,13.22
548,Zasechnoye,0,RU,1535202842,42,53.11,45.08,78.05,5.06
549,Ulaangom,64,MN,1535202843,27,49.98,92.07,64.37,1.59
550,Wanning,75,AT,1535199600,63,48.64,13.53,62.6,8.05
551,Honiara,75,SB,1535198400,100,-9.43,159.96,75.2,3.36
552,Zhuhai,40,CN,1535198400,60,40.71,112.04,69.8,4.47
553,Mahon,75,IE,1535202000,62,51.89,-8.4,57.2,5.82
554,Bongandanga,76,CD,1535202844,65,1.51,21.07,85.79,2.15
555,Partenit,0,UA,1535202844,87,44.58,34.34,77.51,5.5
556,Basoko,44,CD,1535202844,85,1.23,23.61,78.23,2.04
557,Kuybyshevo,0,UA,1535202845,91,44.63,33.86,77.87,2.71
558,Cabedelo,75,BR,1535198400,78,-6.97,-34.84,78.8,13.87
559,Zunheboto,88,IN,1535202845,94,26.02,94.53,69.95,1.59
560,Kirovskiy,92,RU,1535202845,98,45.09,133.51,60.32,2.93
561,Priyutnoye,0,RU,1535200200,23,46.1,43.51,82.4,13.42
562,Williston,1,US,1535201700,79,48.15,-103.62,53.06,6.93
563,Fortuna,0,ES,1535202000,36,38.18,-1.13,93.2,2.24
564,Manaus,20,BR,1535202000,70,-3.13,-59.98,86.0,6.93
565,Kastoria,40,GR,1535201400,30,40.52,21.27,86.0,3.04
566,Bambanglipuro,8,ID,1535202847,65,-7.95,110.28,74.63,4.61
567,Spokane,1,US,1535201880,66,47.66,-117.42,53.96,7.4
568,Bridlington,8,GB,1535201400,51,54.08,-0.19,64.4,8.05
569,Nome,1,US,1535201700,87,30.04,-94.42,82.04,3.04
570,Severobaykalsk,64,RU,1535202848,91,55.65,109.32,53.03,1.59
